03/03/2021 00:00:00,0
03/03/2021 00:01:00,1
03/03/2021 00:02:00,2
03/03/2021 00:03:00,3
03/03/2021 00:04:00,4
03/03/2021 00:05:00,5
03/03/2021 00:06:00,6
03/03/2021 00:07:00,7
03/03/2021 00:08:00,8
03/03/2021 00:09:00,9
03/03/2021 00:10:00,10
03/03/2021 00:11:00,11
03/03/2021 00:12:00,12
03/03/2021 00:13:00,13
03/03/2021 00:14:00,14
03/03/2021 00:15:00,15
03/03/2021 00:16:00,16
03/03/2021 00:17:00,17
03/03/2021 00:18:00,18
03/03/2021 00:19:00,19
03/03/2021 00:20:00,20
03/03/2021 00:21:00,21
03/03/2021 00:22:00,22
03/03/2021 00:23:00,23
03/03/2021 00:24:00,24
03/03/2021 00:25:00,25
03/03/2021 00:26:00,26
03/03/2021 00:27:00,27
03/03/2021 00:28:00,28
03/03/2021 00:29:00,29
